id;identifiant;description;domaine;type;date_debut;date_fin;les_heures_de_la_formation;le_prix;nom_instructeur
1;Shirt olive;grey;bus Granite Saint-Honoré;Presentielle;2023-04-02;2023-04-02;b;bi-directional;protocol solution
2;incubate Granite overriding;firewall next;leverage Pataca;EnLigne;2023-04-02;2023-04-02;Health c;architectures;synthesize
3;Licensed Libyan;Clothing;asymmetric Soft;EnLigne;2023-04-02;2023-04-02;Afrique;front-end;b online Botswana
4;parsing;TCP;Buckinghamshire generate Coordinateur;Presentielle;2023-04-02;2023-04-02;Car turn-key;Ouzbékistan invoice Hat;generate bypassing
5;impactful Stagiaire;payment haptic Ariary;focus synthesize;Presentielle;2023-04-02;2023-04-02;Clothing program navigate;cross-platform;Nord-Pas-de-Calais multi-byte
6;card;d'Orsel Borders;intangible;EnLigne;2023-04-02;2023-04-02;Intelligent multi-byte Vatu;SQL Steel;l'Odéon Champagne-Ardenne service-desk
7;impactful Analyste pink;transmit Hat relationships;microchip niches Silver;EnLigne;2023-04-02;2023-04-02;encryption Basse-Normandie;Handmade Franche-Comté;functionalities
8;maximize;panel Seamless;deposit;EnLigne;2023-04-02;2023-04-02;Secured Coordinateur;hacking Refined;up du
9;transmitter architectures Intelligent;overriding 1080p;Buckinghamshire;EnLigne;2023-04-02;2023-04-02;open-source USB Rustic;panel synergies Pants;a Limousin b
10;deposit b Account;Computers GB;Chips;Presentielle;2023-04-02;2023-04-02;lime quantify;calculating;content motivating
